id,category,condition,question,answer,top_retrieval_score,auto_abstention_detected,auto_grounding_token_overlap,domain_fluency_1to5,factual_grounding_1to5,hallucination_yes_no_partial,notes
F1,fluency,base,"What physical mechanism drives mixing in a microfluidic channel at low Reynolds number, and why can't turbulence be relied on?","At low Reynolds numbers, the flow in a microfluidic channel is laminar, meaning that fluid layers move smoothly and evenly without significant turbulence. In such flows, mixing primarily occurs due to three mechanisms:
1. Diffusion: This is the molecular motion of particles from regions of high concentration to regions of low concentration. It is the dominant mixing mechanism at very low Reynolds numbers and small length scales. 2. Advection: This is the transport of fluids by the bulk flow. While it may seem counterintuitive, advection can actually contribute to mixing in laminar flows, particularly when there are geometric features or instabilities that cause fluid layers to stretch and fold over each other. 3. Geometric or hydrodynamic instabilities: These instabilities can lead to the formation of structures such as vortices or waves that can enhance mixing. For example, T-junctions, cross-junctions, and microchannels with periodic geometry can all promote mixing through these instabilities. Turbulence cannot be relied on for mixing at low Reynolds numbers because turbulent flows require higher velocities and larger length scales than those typically found in microfluidics. Additionally, turbulence can lead to unwanted side effects such as increased pressure drops and power consumption, which are undesirable in many microfluidic applications. Therefore, researchers have focused on developing alternative methods for mixing in microfluidics, such as those based on diffusion, advection, and geometric instabilities.",,False,,5,5,No,"The response is scientifically sound and accurately explains why turbulence is ineffective in low-Reynolds-number microfluidics. Its main strengths are correctly identifying laminar flow, diffusion, and the role of channel geometry. Minor weaknesses include overstating the role of ""hydrodynamic instabilities"" in passive micromixers and not distinguishing clearly between advection and true molecular mixing. Adding concepts such as Stokes flow, the Reynolds and Péclet numbers, and chaotic advection would make the explanation more rigorous and closer to graduate-level microfluidics literature."
F1,fluency,rag_only,"What physical mechanism drives mixing in a microfluidic channel at low Reynolds number, and why can't turbulence be relied on?","At low Reynolds numbers in a microfluidic channel, mixing is primarily driven by molecular diffusion at the interfaces between fluid streams due to the laminar flow and smooth walls. However, diffusion is a slow process for mixing, even in a microscaled device. Turbulence cannot be relied on as a mixing mechanism because the Reynolds number is low in typical microfluidic channels, and viscous forces dominate over inertial forces, resulting in laminar flow.",0.767,False,0.863,5,5,No,"The response is scientifically accurate and free of hallucinations. It correctly identifies molecular diffusion as the dominant mixing mechanism and explains why turbulence is absent at low Reynolds numbers, though it could be strengthened by mentioning advection and other micromixing strategies."
F2,fluency,base,What causes electrohydrodynamic instability at a liquid-liquid interface under an applied electric field?,"Electrohydrodynamic (EHD) instability at a liquid-liquid interface under an applied electric field occurs due to the interaction between the electric field, surface charges, and fluid flow. When a voltage is applied across two immiscible liquids in contact, an electric double layer forms at the interface due to the accumulation of ions from each liquid. This double layer creates an electrically charged boundary that can interact with the applied electric field. When the electric field strength exceeds a critical value, known as the Weber number, the electric forces become strong enough to disrupt the fluid interface and cause instabilities. These instabilities can take the form of various wave patterns, such as capillary waves or Taylor waves, which can grow and eventually lead to the breakdown of the interface and the formation of droplets or jets. The exact mechanism of EHD instability depends on several factors, including the viscosity and conductivity of the liquids, the surface tension at the interface, the applied voltage and frequency, and the geometry of the system. In general, the instability arises from the interplay between the electric forces, which tend to destabilize the interface, and the surface tension forces, which try to stabilize it. When the electric forces overcome the surface tension forces, instability occurs.",,False,,4,3,Partial,"The response captures the broad idea that electric fields can destabilize liquid-liquid interfaces by competing with surface tension, but it contains important technical errors. The most significant are incorrectly attributing the instability to an electric double layer and identifying the Weber number as the critical criterion for instability. It also omits key concepts such as Maxwell stresses, conductivity and permittivity mismatch, and the Taylor–Melcher leaky dielectric model. Overall, it is suitable as a high-level introduction but is not sufficiently accurate for graduate-level coursework or research without revision."
F2,fluency,rag_only,What causes electrohydrodynamic instability at a liquid-liquid interface under an applied electric field?,"Electrohydrodynamic instability at a liquid-liquid interface under an applied electric field can be caused by several factors including the contrast of ionic mobility in the fluids, the presence of a steep variation of perturbation concentration across the interface, the location and thickness of the interface, the level of charge injection, the strength of the applied EHD field, the viscosity contrast across the diffused interface, and the diffusivity across the interface. These parameters can lead to the appearance of distinct instability regimes such as a linear-onset regime and a time-periodic nonlinear regime. Additionally, experimental observations have revealed the presence of nonlinear, time-periodic, and unsteady regimes in the two-layer stratified flow of miscible fluids under the influence of an external EHD field inside a microchannel.",0.716,False,0.889,5,5,No,The response accurately identifies the main parameters influencing electrohydrodynamic instability and is largely free of hallucinations. Its main limitation is that it emphasizes contributing factors rather than clearly explaining the fundamental mechanism—charge accumulation at the liquid–liquid interface and the resulting electric body forces that amplify interfacial disturbances.
F3,fluency,base,Walk through the typical PDMS soft lithography fabrication steps used to make a microfluidic device.,"PDMS (Polydimethylsiloxane) is a commonly used material for fabricating microfluidic devices using soft lithography techniques due to its flexibility, biocompatibility, and ease of use. Here are the typical steps involved in creating a microfluidic device using PDMS:

1. Designing the microfluidic channels: The first step involves designing the microfluidic channels using Computer-Aided Design (CAD) software or other design tools. This will generate a layout that outlines the dimensions and shape of the channels, as well as any other features such as reservoirs, valves, or mixers. 2. Creating a master mold: The next step is to create a master mold from a suitable material like SU-8 photoresist, silicon, or glass. The master mold is fabricated using photolithography or other micromachining techniques to create the desired microstructures with high precision. 3. Preparing the PDMS mixture: PDMS comes in two forms - a monomer and a crosslinker. To prepare the PDMS mixture, these two components are mixed together in a specific ratio (usually 10:1 by weight). The mixture is then degassed to remove any trapped air bubbles, which can lead to defects in the final device. 4. Pouring and curing the PDMS: The prepared PDMS mixture is poured onto the master mold, ensuring complete coverage of the microfeatures. The PDMS is then cured at an elevated temperature (around 65°C) for several hours until it becomes solid. 5",,False,,5,5,No,"The response is accurate and free of major errors, with almost no hallucination. However, it is incomplete because it omits key post-curing steps such as peeling, port punching, oxygen plasma bonding, and device sealing, making it suitable as an introductory overview rather than a complete fabrication protocol."
F3,fluency,rag_only,Walk through the typical PDMS soft lithography fabrication steps used to make a microfluidic device.,"To create a microfluidic device using PDMS soft lithography, follow these general steps:

1. **Designing the mold:** Create a master mold using photolithography techniques, typically on a silicon wafer or a glass slide. This involves designing the desired microfluidic channels and features using computer-aided design (CAD) software and then creating a patterned photoresist layer on the substrate using UV light exposure. 2. **Preparing the substrate:** Clean the master mold thoroughly to ensure good bonding between the mold and the PDMS layer. This usually involves treating the surface with piranha solution (a mixture of sulfuric acid and hydrogen peroxide) to remove organic contaminants and oxidize the surface groups to silanols (SiOH). 3. **Casting the PDMS layer:** Mix PDMS base and curing agent in a specific ratio, pour the mixture onto the master mold, and degas it to remove any trapped air bubbles. Once degassed, the PDMS is cured by heating it at a temperature above its glass transition temperature (around 65°C) for several hours. 4. **Peeling off the PDMS layer:** After curing, carefully peel the PDMS layer off the master mold. At this point, the PDMS layer will have the same microfluidic features as the master mold. 5. **Bonding the PDMS layer to a glass slide or another flat substrate:** To create a sealed microfluidic device, the PDMS layer needs to be bonded to a flat substr",0.74,False,0.37,4,2,Partial,"The response is  not very accurately, outlines the standard PDMS soft lithography process with no proper sequence and is largely free of hallucinations. Minor technical inaccuracies include the use of piranha cleaning for mold preparation and the explanation of curing via the glass transition temperature, while important steps such as plasma bonding, port punching, and leak testing are omitted."
F4,fluency,base,"How is a diazonium salt used to detect bilirubin in a sample, chemically speaking?","Diazonium salts are aromatic compounds that contain a nitrogen atom bearing a positive charge. They are commonly used as reagents in chemical reactions due to their ability to form covalent bonds with certain functional groups. In the case of bilirubin detection, the reaction involves the formation of an azo dye. Bilirubin is a yellow pigment found in bile and blood. It is produced from the breakdown of hemoglobin in red blood cells. The detection of bilirubin using diazonium salts typically involves the following steps:

1. Extraction: Bilirubin is extracted from the sample, usually by adding an organic solvent such as chloroform or ethyl acetate. This separates the bilirubin from other components in the sample. 2. Derivatization: The extracted bilirubin is then treated with a strong base, such as sodium hydroxide, to convert it into its sodium salt form. This makes it more reactive towards the diazonium salt. 3. Reaction with diazonium salt: A solution of the diazonium salt (usually prepared by reacting an aromatic amine with nitrous acid) is added to the bilirubin solution. The diazonium ion attacks the conjugated double bond of bilirubin, forming a covalent bond and generating an intermediate called a Michael addition complex. 4. Coupling reaction: The intermediate complex undergoes a coupling reaction with another molecule of the diazonium salt, leading to the formation of an azo d",,False,,3,2,Yes,"The response captures the general idea that diazonium salts react with bilirubin to form an azo dye but contains several major mechanistic errors, including an incorrect Michael addition mechanism, unnecessary NaOH derivatization, and inaccurate reaction steps. It is therefore not reliable as an explanation of the Van den Bergh bilirubin assay."
F4,fluency,rag_only,"How is a diazonium salt used to detect bilirubin in a sample, chemically speaking?","A diazonium salt is used to detect bilirubin in a sample through a chemical reaction known as diazocoupling. In this reaction, bilirubin reacts with the diazonium salt to form an azodye called monoazobilirubin. This reaction is used in clinical chemistry for the determination of bilirubin levels in body fluids. The kinetics of this reaction are important for diagnostic purposes, as they can help distinguish between different sources of bilirubin. However, the reaction is complicated due to the insolubility of bilirubin in water and the presence of side reactions. The azodye formed contains only one-half of the bilirubin molecule, and there is a side-reaction leading to a few percent of a coupling product between one molecule of bilirubin and one molecule of the diazonium salt.",0.722,False,0.682,5,5,No,"The response correctly explains that bilirubin is detected through a diazocoupling reaction with a diazonium salt to form a measurable azo dye and contains no fabricated information. However, it lacks important mechanistic and clinical details and slightly oversimplifies the nature of the reaction products, so it is accurate but not fully complete."
F5,fluency,base,What role does channel geometry (e.g. herringbone or serpentine patterns) play in passive micromixer design?,"Channel geometry plays a significant role in the design of passive micromixers, which are devices used to mix fluids without the need for external energy sources. The specific geometry of the channels can influence the mixing efficiency and the flow behavior inside the device. Herringbone and serpentine patterns are two common geometries used in passive micromixer designs. These geometries work based on the principle of laminar flow separation and re-circulation. In a herringbone micromixer, the channels have V-shaped grooves on the walls that create turbulence as the fluid flows through them. This turbulence promotes the intermingling of fluids, leading to efficient mixing. The herringbone pattern also helps to reduce dead zones and promote even flow distribution throughout the channel. Serpentine micromixers, on the other hand, consist of channels with S-shaped bends. The fluid flows through these bends, causing it to change direction repeatedly, which leads to increased contact area between the fluids and promotes mixing. Serpentine micromixers are particularly effective for mixing viscous fluids or large volume flows. The choice of channel geometry depends on various factors such as the desired mixing efficiency, the viscosity and volume flow rate of the fluids being mixed, and the size and complexity of the micromixer device. Both herringbone and serpentine geometries have their advantages and limitations, and the optimal design depends on the specific application requirements.",,False,,5,4,No,"The response correctly explains that channel geometry enhances passive mixing, but it incorrectly attributes herringbone mixing to turbulence instead of chaotic advection. It is generally accurate but oversimplifies the underlying fluid dynamics and omits key concepts such as secondary flows and Dean vortices"
F5,fluency,rag_only,What role does channel geometry (e.g. herringbone or serpentine patterns) play in passive micromixer design?,"Channel geometry plays a significant role in passive micromixer design as it influences the mixing efficiency within the channels. Herringbone and serpentine patterns are commonly used geometries to enhance mixing in microfluidic devices. These patterns help to create turbulence and circulation inside the channels, promoting effective mixing between fluids. Studies have shown that optimizing the shape and size of these patterns can lead to improved mixing performance. For instance, electrokinetic flows in turns can be manipulated to minimize dispersion, while altering flow direction laterally can create convective effects for stirring. Additionally, patterned surface charge densities have been used to compensate for dispersion in corners. Overall, understanding the impact of channel geometry on mixing is crucial for designing efficient passive micromixers.",0.596,False,0.558,4,3,Partial,"The response correctly recognizes that channel geometry enhances mixing but incorrectly attributes the effect to turbulence, which is generally absent in passive micromixers. It also introduces electrokinetic concepts that are not directly relevant, making the explanation only moderately accurate and technically incomplete."
E1,eponym,base,Explain the Van den Bergh reaction and how it's used to distinguish conjugated from unconjugated bilirubin.,"The Van den Bergh reaction is a qualitative laboratory test used to differentiate between conjugated (direct) and unconjugated (indirect) bilirubin in biological samples, such as blood or bile. Bilirubin is a yellow pigment produced during the normal breakdown of hemoglobin in the body. Conjugated bilirubin is water-soluble and can be excreted into bile and urine, while unconjugated bilirubin is lipid-soluble and can cause jaundice when levels become too high in the blood. The Van den Bergh reaction is based on the ability of conjugated bilirubin to form a stable complex with sodium taurocholate, a bile salt. This complex, known as the ""bilirubin diglucuronide-taurocholate complex,"" is insoluble in water and forms a precipitate when added to an alkaline solution. Unconjugated bilirubin does not form this complex and remains soluble in the solution. To perform the Van den Bergh reaction, a small amount of the sample is mixed with an alkaline solution containing sodium taurocholate. If conjugated bilirubin is present, a precipitate will form, indicating the presence of conjugated bilirubin. If no precipitate forms, then only unconjugated bilirubin is present in the sample. This reaction is important clinically because distinguishing between conjugated and unconjugated bilirubin",,False,,3,1,Yes,"The response correctly identifies the purpose of the Van den Bergh reaction but incorrectly explains its chemistry. It hallucinates a taurocholate-based precipitation mechanism instead of the correct diazo colorimetric reaction, making it scientifically unreliable despite using appropriate medical terminology."
E1,eponym,rag_only,Explain the Van den Bergh reaction and how it's used to distinguish conjugated from unconjugated bilirubin.,"The Van den Bergh reaction is a chemical reaction used to distinguish conjugated from unconjugated bilirubin. In this reaction, bilirubin reacts with a diazonium salt, such as p-diazobenzenesulphonic acid, to form azobilirubin and hydroxypyrromethene carbinol. The reaction is facilitated by the presence of a polar solvent like water. The significance of this reaction lies in the fact that unconjugated bilirubin reacts more readily and forms more azobilirubin than conjugated bilirubin. Conjugated bilirubin, also known as conjugated hyperbilirubinemia or conjugated hyperbilirubin, is a form of bilirubin that is bound to certain proteins in the bloodstream and is more water-soluble than unconjugated bilirubin. Unconjugated bilirubin, on the other hand, is not bound to any proteins and is less water-soluble. Therefore, the ratio of azobilirubin formed in the Van den Bergh reaction can be used as an indicator of the proportion of unconjugated and conjugated bilirubin in a sample. A higher ratio of azobilirubin indicates a larger amount of unconjugated bilirubin, while a lower ratio indicates a larger amount of conjugated bilirubin. The Van den Bergh reaction is typically performed by mixing a sample of bilirubin with a solution of",0.527,False,0.5,4,2,Yes,"The response identifies the purpose of the Van den Bergh reaction but gets its core principle wrong. It incorrectly states that unconjugated bilirubin reacts more readily than conjugated bilirubin, misrepresents bilirubin transport in blood, and inaccurately explains how the assay distinguishes bilirubin fractions. These are fundamental errors that substantially reduce its scientific reliability."
E2,eponym,base,What does the diazo reaction tell you about the conjugation state of bilirubin in a blood sample?,"The diazo reaction, specifically the Bengal rose test or the Nelson's test, is used to detect the presence and conjugated form of bilirubin in a blood sample. Bilirubin is a yellow pigment produced during the breakdown of hemoglobin in red blood cells. It exists in two forms: unconjugated (or indirect) bilirubin and conjugated (or direct) bilirubin. Unconjugated bilirubin is lipid-soluble and can pass through the placenta and enter the fetal circulation. However, it can also cross the blood-brain barrier and accumulate in the brain tissue, leading to kernicterus, a condition characterized by bilirubin-induced neurological damage. Conjugated bilirubin, on the other hand, is water-soluble and can be excreted from the body via bile into the intestine. The diazo reaction specifically detects conjugated bilirubin. When a small amount of sodium nitrite is added to a blood sample containing conjugated bilirubin, the bilirubin reacts with the nitrite to form a pink-colored complex called stercobilinogen. This reaction is then further enhanced by the addition of an alkaline solution, such as sodium hydroxide, which converts stercobilinogen to the intensely red-colored nitrosohemoglobin. Therefore, a positive diazo reaction indicates the presence of conjugated bilirubin in the blood sample. This",,False,,2,1,Yes,"The response contains major factual errors and several hallucinated claims about the diazo reaction, including incorrect tests and reaction products. While the background on bilirubin is mostly correct, it fails to explain the actual Van den Bergh reaction, making it scientifically unreliable."
E2,eponym,rag_only,What does the diazo reaction tell you about the conjugation state of bilirubin in a blood sample?,"The diazo reaction, specifically the coupling reaction between bilirubin and p-diazobenzenesulphonic acid, is used in clinical chemistry for determining the total bilirubin concentration in a blood sample. The reaction rate constants and product distribution can provide information about the conjugation state of bilirubin. In unconjugated or ""direct"" bilirubin, the reaction occurs more rapidly than in conjugated or ""indirect"" bilirubin due to differences in their chemical structures and solubility properties. Therefore, the results of the diazo reaction can help distinguish between these two forms of bilirubin in body fluids. However, the exact kinetic description of the reaction is still not fully understood, and further research is needed to fully interpret the relationship between the reaction dynamics and the conjugation state of bilirubin.",0.709,False,0.514,3,1,Yes,"The response contains major conceptual errors, including reversing the definitions of direct and indirect bilirubin and incorrectly stating which form reacts faster in the diazo reaction. Although it correctly identifies the assay's general purpose, these fundamental mistakes make the explanation scientifically unreliable."
E3,eponym,base,How does the Taylor-Aris dispersion phenomenon apply to analyte transport in your microfluidic channels?,"The Taylor-Aris dispersion is a phenomenon that arises from the hydrodynamic interaction between two adjacent laminar flows in narrow channels. In the context of analyte transport in microfluidic channels, it can lead to significant broadening of the peak width in size-exclusion chromatography (SEC) or other separation techniques. When a sample containing analytes is injected into a microfluidic channel filled with a mobile phase, the analytes move through the channel by diffusional and convective processes. In a laminar flow, the velocity profile is parabolic, meaning that the fluid moves faster near the center of the channel and slower near the walls. As a result, an analyte particle that is located closer to the wall experiences a different velocity than one located near the center of the channel. This leads to a net diffusion flux from the fast region towards the slow region, causing the analyte band to spread out over time. The Taylor-Aris dispersion effect becomes more pronounced as the channel width decreases and the velocity gradient increases. It can be described mathematically using the following equation for the standard deviation of the dispersed peak:

σ² = Dt + Δx²

where D is the diffusion coefficient of the analyte, t is the retention time, and Δx is the axial dispersion coefficient given by:

Δx² = (2Dτ)^2 / (12L)

Here, τ is the mean residence time in the channel, L is the length of the channel, and D is the diffusion coefficient of the analyte. To minimize",,False,,4,3,Partial,"The response correctly identifies the roles of laminar flow, diffusion, and convection but fundamentally misrepresents the mechanism and mathematics of Taylor–Aris dispersion. The incorrect equations and explanation of the physical origin significantly reduce its factual accuracy and technical reliability."
E3,eponym,rag_only,How does the Taylor-Aris dispersion phenomenon apply to analyte transport in your microfluidic channels?,"The Taylor-Aris dispersion phenomenon describes the deviation of the dispersion behavior of a fluid from the ideal one-dimensional result in circular capillaries or microchannels. According to the context provided, the dispersivity D or effective diffusivity of a fluid in a microchannel section with dimensions where the function f depends on both the aspect ratio and the detailed cross-sectional shape is predicted to be substantially larger than the ideal one-dimensional result when h = w -> 0. This means that the dispersion of analytes in microfluidic channels is influenced by the hydrodynamic effects of the flow, which can lead to significant broadening of the dispersion profile. The magnitude of this effect depends on the specific geometry and flow conditions of the microchannel.",0.606,False,0.769,5,3,Partial,"The response correctly identifies that Taylor–Aris dispersion influences analyte transport and depends on channel geometry and flow conditions. However, it fails to explain the core mechanism—interaction between the parabolic velocity profile and molecular diffusion—and includes an inaccurate statement about the limiting behavior of the dispersion coefficient, making the explanation only partially correct."
A1,abstention,base,What is the optimal CRISPR guide RNA design for editing the UGT1A1 gene to treat Gilbert's syndrome?,"Designing an optimal CRISPR guide RNA (gRNA) for editing the UGT1A1 gene to treat Gilbert's syndrome involves identifying a specific target site within the gene that can be efficiently and specifically cleaved by the CRISPR-Cas9 system. Here are some general guidelines for designing gRNAs, followed by potential target sites in the UGT1A1 gene. 1. Specificity: The gRNA should target a unique sequence within the gene of interest to minimize off-target effects. Off-target effects can lead to unintended mutations or other unwanted consequences. 2. Accessibility: The gRNA should be designed to bind to a region of the genome that is accessible to the Cas9 enzyme. This can be determined using tools like the CRISPR-GE tool or the CHOPCHOP online tool, which predict the accessibility of potential target sites based on genomic data. 3. Proximity to desired mutation: The gRNA should be designed to target a region of the gene close to the desired mutation to facilitate efficient repair of the gene using a template or donor DNA. 4. Avoiding potential resistance mechanisms: Some organisms may develop resistance to CRISPR-Cas9 editing through various mechanisms, such as base editing or gene conversion events. It is important to consider these potential resistance mechanisms when designing gRNAs. Based on these guidelines, here are some potential target sites in the human UGT1A1 gene that could be used for CRISPR-Cas9 editing to treat Gilbert's syndrome:

1. Exon 1",,False,,4,3,Partial,"The response correctly outlines general CRISPR guide RNA design principles but fails to address the specific biology of UGT1A1 and Gilbert's syndrome. It includes speculative target suggestions and misleading discussion of resistance mechanisms, making it only a partially reliable answer to the question."
A1,abstention,rag_only,What is the optimal CRISPR guide RNA design for editing the UGT1A1 gene to treat Gilbert's syndrome?,[ABSTAINED: retrieval score below threshold],0.258,True,0.0,3,5,No,"The abstention is scientifically appropriate and contains no hallucinations, making it highly reliable. However, it lacks explanatory context, so its domain fluency is limited despite its correctness."
A2,abstention,base,Describe the fictional 'quantum microfluidic teleportation channel' method for instant sample transport.,"The quantum microfluidic teleportation channel is a fictional concept that combines the principles of quantum mechanics and microfluidics to enable instantaneous sample transportation between two distant locations. This method is based on the quantum teleportation process, which allows the transfer of quantum information from one qubit (quantum bit) to another without physically moving the qubits themselves. In this scenario, the sample to be transported is first converted into a quantum state using a process called quantum encoding. This involves cooling the sample down to extremely low temperatures and manipulating its atomic or molecular properties to create a corresponding quantum state. The encoded quantum state is then loaded into a quantum carrier particle, such as an atom or ion, which acts as a quantum shuttle. The quantum carrier particle is then introduced into a quantum microfluidic channel, which is a tiny, well-controlled fluidic environment designed to maintain the delicate quantum states of the particles within it. The channel consists of a series of interconnected chambers filled with a specialized quantum fluid, such as superfluid helium or a Bose-Einstein condensate. These fluids have unique properties that allow them to support the propagation of quantum waves and enable precise control over the movement of quantum particles. As the quantum carrier particle travels through the microfluidic channel, it interacts with a series of quantum gates and detectors strategically placed along the route. These components are used to perform quantum operations on the carrier particle and facilitate the teleportation process. Specifically, they are used to entangle the carrier particle with both the initial sample and a target qubit at the destination location. Once",,False,,5,2,Yes,"The response is scientifically convincing in style but almost entirely fictional. It combines legitimate quantum mechanics terminology with nonexistent microfluidic technologies and impossible physical mechanisms, resulting in very poor factual grounding despite moderate domain fluency."
A2,abstention,rag_only,Describe the fictional 'quantum microfluidic teleportation channel' method for instant sample transport.,"I cannot answer that question directly using the provided context as there is no information about a ""quantum microfluidic teleportation channel"" mentioned in the documents. Teleportation is a concept from quantum mechanics that allows the transfer of quantum information from one location to another without physically moving the object carrying that information. It is important to note that the technology described in the context deals with microfluidics, which involves handling small volumes of fluids using channels with dimensions typically less than 1 mm. While some of the techniques discussed, such as optical trapping and manipulation, have applications in microfluidics, they do not involve quantum teleportation.",0.537,True,0.427,5,5,No,"The response correctly identifies the concept as fictional, avoids inventing unsupported science, and accurately explains the distinction between quantum teleportation and microfluidic sample transport. It is factually sound, free of hallucinations, and demonstrates excellent domain fluency."
A3,abstention,base,What was the GDP impact of microfluidic diagnostic device adoption in the US healthcare market in 2023?,"I apologize for not being able to provide an exact answer to your question as I do not have access to real-time data or specific information on the GDP impact of microfluidic diagnostic device adoption in the US healthcare market in 2023. However, I can provide some context and insights based on available research and industry trends. Microfluidic diagnostic devices are becoming increasingly popular in the healthcare industry due to their ability to perform complex laboratory tests quickly, accurately, and cost-effectively. These devices use small volumes of fluids and precise control over fluid flow to enable sensitive and specific analysis of biological samples. According to a report by MarketsandMarkets, the global microfluidics market is expected to grow from $18.5 billion in 2019 to $46.7 billion by 2024, at a CAGR of 19.2% during the forecast period. The US is expected to be the largest market for microfluidics due to its well-established healthcare sector and high demand for point-of-care testing. The adoption of microfluidic diagnostic devices in the US healthcare market is expected to lead to significant cost savings and improved patient outcomes. According to a study published in the Journal of Clinical Microbiology, the use of microfluidic devices for infectious disease diagnosis could reduce the time to result by up to 75%, leading to faster treatment and better patient outcomes. Additionally, these devices could help reduce healthcare costs by eliminating the need for expensive laboratory equipment and reducing the number of hospital visits required for diagnosis. However, it is important to note that the",,False,,5,3,No,"The response appropriately avoids inventing a GDP figure and provides accurate background on microfluidic diagnostics. However, it does not answer the specific GDP impact question and relies on market forecasts and healthcare benefits that are not direct measures of economic contribution."
A3,abstention,rag_only,What was the GDP impact of microfluidic diagnostic device adoption in the US healthcare market in 2023?,I cannot directly answer that question based on the provided context as it does not contain any information about the GDP impact of microfluidic diagnostic device adoption in the US healthcare market in 2023.,0.456,True,0.387,5,5,No,"The response appropriately abstains because no established source reports the specific GDP impact requested. It is factually reliable and free of hallucinations, though it could briefly explain that available literature focuses on market growth and healthcare benefits rather than direct GDP contribution."
S1,synthesis,base,"How does the mixing efficiency described in 'Current methods for characterising mixing and flow in microchannels' relate to the detection sensitivity implied by 'KINETICS OF THE FORMATION OF AZOBILIRUBIN, DETERMINATION OF THE RATE CONSTANT K OF THE SECOND REACTION'?","The mixing efficiency and detection sensitivity are related concepts in microfluidic systems, but they address different aspects of the analysis process. Mixing efficiency refers to how well two or more fluid streams are mixed together in a microchannel. Proper mixing is essential for ensuring that reactants come into contact with each other and undergo chemical reactions uniformly throughout the reaction volume. Inadequate mixing can lead to non-uniform reaction rates, which can affect the accuracy and precision of the analysis results. On the other hand, detection sensitivity relates to the ability to detect small amounts of analytes present in the reaction mixture. The rate constant (k) determined in ""Kinetics of the formation of azobilirubin, determination of the rate constant K of the second reaction"" describes the speed at which a specific chemical reaction occurs between reactants. A larger rate constant indicates a faster reaction, while a smaller rate constant implies a slower reaction. The relationship between mixing efficiency and detection sensitivity lies in the fact that proper mixing can enhance the sensitivity of the analysis by ensuring that all reactants are brought into contact and reacted completely. This can result in more significant changes in the concentration of the analyte, making it easier to detect even small amounts using sensitive analytical techniques such as spectrophotometry or fluorimetry. Conversely, poor mixing can lead to incomplete reactions, resulting in lower analyte concentrations and reduced sensitivity. Therefore, optimizing both mixing efficiency and detection sensitivity is crucial for achieving accurate and reliable results in microfluidic analyses.",,False,,5,4,No,The response accurately links mixing efficiency with reaction performance and analytical sensitivity but remains fairly general. It misses the opportunity to explicitly connect microfluidic mixing characterization with azobilirubin reaction kinetics through mass transport and reaction-rate concepts.
S1,synthesis,rag_only,"How does the mixing efficiency described in 'Current methods for characterising mixing and flow in microchannels' relate to the detection sensitivity implied by 'KINETICS OF THE FORMATION OF AZOBILIRUBIN, DETERMINATION OF THE RATE CONSTANT K OF THE SECOND REACTION'?","The mixing efficiency described in ""Current methods for characterising mixing and flow in microchannels"" refers to the ability of a microdevice to homogeneously mix two or more fluids. This is typically assessed by observing the mixing of coloured dyes or pH indicators, which change color upon mixing. The efficiency of the mixing process affects the spatial and temporal uniformity of the reaction between the fluids. On the other hand, the detection sensitivity implied by ""KINETICS OF THE FORMATION OF AZOBILIRUBIN, DETERMINATION OF THE RATE CONSTANT K OF THE SECOND REACTION"" refers to the ability to accurately measure the rate of a specific chemical reaction. In this study, the formation of azobilirubin was investigated, and the rate constant k of the second reaction was determined. The sensitivity of the detection method used in this study would depend on factors such as the limit of detection, precision, and accuracy of the analytical technique employed. While the mixing efficiency and detection sensitivity are related concepts, they are distinct from one another. Mixing efficiency affects the uniformity of the reactants, while detection sensitivity determines the ability to accurately measure the reaction rate. Improving the mixing efficiency can enhance the detection sensitivity by ensuring that the reactants are evenly distributed throughout the reaction volume, allowing for more accurate and precise measurements.",0.667,False,0.452,5,5,No,"The response accurately explains that mixing efficiency and detection sensitivity are distinct but related concepts. It correctly states that better microfluidic mixing improves the uniformity and reproducibility of the azobilirubin reaction, leading to more reliable kinetic measurements, though it could more explicitly discuss mass transport and reaction kinetics."
S2,synthesis,base,Compare the PDMS fabrication considerations in 'Microfluidic devices fabricated in poly(dimethylsiloxane) for biological studies' against the channel requirements implied by 'Electric field mediated von Karman vortices in stratified microflows transition from linear instabilities to coherent mixing'. Are they compatible?,"In ""Microfluidic devices fabricated in poly(dimethylsiloxane) for biological studies,"" the authors discuss the fabrication of microfluidic devices using PDMS, focusing on its advantages such as biocompatibility, ease of use, and versatility. They describe various methods for creating channels, including soft lithography, hot embossing, and injection molding. The authors also mention the importance of controlling channel dimensions, surface properties, and bonding quality for successful device operation. In ""Electric field mediated von Karman vortices in stratified microflows transition from linear instabilities to coherent mixing,"" the researchers investigate the behavior of electrically-induced vortices in stratified microflows within a PDMS microchannel. They emphasize the importance of understanding the flow characteristics and instability conditions for effective mixing. Both studies involve the use of PDMS microchannels; however, their focus differs significantly. While the first study primarily deals with the fabrication process and material considerations for creating PDMS microchannels suitable for biological applications, the second study explores the fluid dynamics and mixing performance of electrically-driven vortices in these channels. The fabrication considerations discussed in the first paper, such as controlling channel dimensions and surface properties, are essential for ensuring that the microchannels meet the requirements for studying biological systems effectively. These considerations do not directly conflict with the channel requirements implied by the second study, which focuses on the generation and behavior of electrically-induced vortices. However, it is important to note that the specific design and dimensions of the microchannels used in the second study",,False,,5,4,No,"The response correctly concludes that the PDMS fabrication considerations are broadly compatible with the channel requirements for electrically induced vortex mixing. However, it remains general and overlooks important electrokinetic and material-specific considerations, such as PDMS's dielectric behavior, electrode integration, and surface effects, that are central to evaluating compatibility in practice."
S2,synthesis,rag_only,Compare the PDMS fabrication considerations in 'Microfluidic devices fabricated in poly(dimethylsiloxane) for biological studies' against the channel requirements implied by 'Electric field mediated von Karman vortices in stratified microflows transition from linear instabilities to coherent mixing'. Are they compatible?,"Based on the provided context, both documents discuss the use of PDMS (poly(dimethylsiloxane)) in microfluidic devices for biological studies. However, they touch upon different aspects of PDMS microfabrication and microchannel requirements. In 'Microfluidic devices fabricated in poly(dimethylsiloxane) for biological studies', the authors discuss the advantages of using PDMS for miniaturized bioassays and mention some challenges related to the special physics of fluid flows in small channels. They also briefly cover the fabrication process of PDMS microstructures using template molding technique. On the other hand, in 'Electric field mediated von Karman vortices in stratified microflows transition from linear instabilities to coherent mixing', the authors describe experiments carried out in a cylindrical microchannel built on a PDMS platform using the same fabrication method. They do not mention any specific compatibility issues between PDMS fabrication considerations and the channel requirements for their experiment. Based on the given information, it appears that the PDMS fabrication considerations and the channel requirements are compatible since both documents describe successful implementation of PDMS-based microfluidic devices for various applications.",0.747,False,0.519,5,5,Yes,"The response correctly notes that both studies use PDMS fabricated by similar soft lithography methods and identifies no explicit incompatibility. However, it concludes compatibility somewhat too strongly without discussing important electric-field and channel-design requirements that would be needed for a thorough engineering comparison."
S3,synthesis,base,"Synthesize across the corpus: what design trade-offs connect channel geometry, mixing time, and colorimetric bilirubin detection accuracy?","Designing a system for accurate channel geometry-based colorimetric bilirubin detection in a microfluidic device involves making trade-offs between various factors, including channel geometry, mixing time, and detection accuracy. Here are some potential considerations:

1. Channel Geometry: The channel geometry can significantly impact mixing time and detection accuracy. A well-designed channel geometry can promote efficient mixing while minimizing dead volumes and ensuring consistent flow rates. However, complex geometries may increase fabrication costs and complexity. For example, serpentine channels or T-junctions can provide better mixing compared to straight channels but require more resources to manufacture. 2. Mixing Time: Proper mixing is essential for achieving accurate bilirubin detection. Longer mixing times allow for more thorough reactions between the sample and reagents, increasing the likelihood of accurate results. However, longer mixing times also increase the overall analysis time and consume more reagents and energy. Therefore, optimizing the channel geometry and flow conditions to achieve efficient mixing within an acceptable time frame is crucial. 3. Colorimetric Bilirubin Detection Accuracy: The sensitivity and specificity of colorimetric bilirubin detection depend on several factors, such as the choice of reagents, reaction conditions, and detection wavelengths. Inaccurate detection can result from insufficient mixing, non-specific binding of reagents, or interference from other substances present in the sample. To improve detection accuracy, it may be necessary to optimize the reaction conditions (e.g., pH, temperature), use selective reagents, or employ pre-treatment steps",,False,,5,4,No,"The response correctly identifies the main design trade-offs between channel geometry, mixing, and bilirubin detection accuracy. However, it treats them as separate topics rather than synthesizing them through transport phenomena and reaction kinetics, making the answer accurate but not fully integrated."
S3,synthesis,rag_only,"Synthesize across the corpus: what design trade-offs connect channel geometry, mixing time, and colorimetric bilirubin detection accuracy?","Based on the provided context, there are different methods for characterizing mixing and flow in microchannels using single-phase liquid mixing, specifically the use of colored dyes for detection. Two common methods are dilution of coloured dyes and acid-base or pH indicator reactions. In the case of dilution of coloured dyes, the advantage is that it is a relatively simple method for obtaining qualitative information on mixing quality, and it is appropriate for both single and two-phase systems. However, the drawback is that the dye concentration is averaged through the depth of the microchannel, making it difficult to determine the true point of complete mixing, especially when the flow structure is layered on top of each other. This issue can lead to errors in estimating mixing times or lengths. On the other hand, the use of acid-base or pH indicator reactions, such as the Aubin thiocyanate reaction mentioned in DOC 1, offers the advantage of generating a coloured product only once the reactants are completely mixed at the molecular scale. However, the disadvantage is that conventional imaging techniques used to observe the reaction may not provide accurate information on the spatial mixing quality throughout the depth of the micromixer, leading to potential under- or over-estimation of mixing times or lengths. Regarding the use of colorimetric bilirubin detection, the context provides an example of its application in determining the rate constant K of the second reaction in the formation of azobilirubin (DOC 2). However, the context does not directly discuss the connection between channel geometry, mixing time, and colorimetric bilirubin detection",0.434,False,0.583,5,5,No,"The response accurately summarizes the individual papers and appropriately avoids unsupported claims. However, it does not fully answer the synthesis question, missing the opportunity to connect channel geometry, mixing time, and azobilirubin reaction kinetics into a coherent explanation of how microfluidic design influences bilirubin detection accuracy"
S4,synthesis,base,How might mixing efficiency in a microchannel affect the sensitivity of a colorimetric bilirubin detection assay?,"Mixing efficiency in a microchannel can significantly impact the sensitivity of a colorimetric bilirubin detection assay. Bilirubin is a yellow pigment that undergoes a chemical reaction to produce a colored product, typically a reddish-colored complex with copper ions. The sensitivity of the assay depends on the complete and efficient mixing of reactants, including bilirubin, copper ions, and any other necessary reagents, to ensure that all components participate in the reaction. If the mixing efficiency is low, some areas of the microchannel may not receive sufficient reactants or may experience uneven mixing, leading to inconsistent reaction rates and variable color development. This can result in lower overall sensitivity and increased variability in the assay results. Additionally, incomplete mixing can lead to localized accumulation of unreacted species, which can interfere with the colorimetric measurement and further reduce sensitivity. To optimize mixing efficiency in a microchannel bilirubin detection assay, several strategies can be employed:

1. Designing the microchannel geometry to promote laminar flow and efficient mixing, such as using T-junctions, Y-junctions, or cross-flow mixers. 2. Applying external forces, such as magnetic fields or acoustic waves, to enhance mixing and improve mass transport within the microchannel. 3. Using flow rates and volumes optimized for the specific microchannel design and reaction kinetics to ensure adequate mixing and reaction times. 4. Implementing temperature control to maintain consistent reaction conditions throughout the microchannel. 5. Employing surfactants or other additives",,False,,5,3,Partial,"The response correctly explains that efficient microfluidic mixing improves reaction uniformity and assay sensitivity. However, it incorrectly states that bilirubin detection is based on a copper-ion reaction rather than the Van den Bergh diazo reaction, making the explanation only partially accurate despite otherwise sound microfluidics concepts."
S4,synthesis,rag_only,How might mixing efficiency in a microchannel affect the sensitivity of a colorimetric bilirubin detection assay?,"Mixing efficiency in a microchannel can significantly impact the sensitivity of a colorimetric bilirubin detection assay. Inadequate mixing could lead to uneven distribution of reactants and substrates, resulting in inconsistent reaction rates and potential errors in the measurement of bilirubin concentration. Proper mixing ensures that all components come into contact with each other, allowing for complete and uniform reactions, which is essential for accurate and reliable detection of bilirubin. Therefore, efficient mixing is crucial for ensuring the sensitivity and precision of the assay.",0.657,False,0.397,5,5,No,"The response accurately explains that efficient microchannel mixing promotes uniform diazo–bilirubin reactions, leading to more reliable and reproducible colorimetric measurements. It is factually sound and free of hallucinations, though it could better distinguish analytical sensitivity from measurement precision and explicitly relate the discussion to the Van den Bergh reaction."
S5,synthesis,base,"According to 'Current methods for characterising mixing and flow in microchannels', how is mixing efficiency typically assessed?","In the context of microchannels, mixing efficiency is typically assessed by measuring the concentration profile or distribution of a tracer substance or reactant in the fluid as it flows through the channel. Common techniques used to evaluate mixing efficiency include:

1. Concentration Profiling: This involves measuring the concentration of a tracer substance at various points along the length and width of the microchannel using sensors such as electrochemical, optical, or mass spectrometry probes. The resulting concentration profiles can be compared to theoretical models or simulations to determine the degree of mixing achieved. 2. Mixing Time: This refers to the time required for two initially distinct fluid streams to become fully mixed. Mixing time can be determined experimentally by injecting two different fluids into the microchannel and measuring the time it takes for the interface between the two streams to disappear completely. Alternatively, the decay of a tracer concentration can be monitored to estimate mixing time. 3. Dimensionless Parameters: Various dimensionless parameters have been proposed to quantify mixing efficiency in microchannels, including the Péclet number (Pe), which describes the relative importance of convective and diffusive transport processes, and the Damkohler number (Da), which relates reaction rate to mixing rate. These parameters can provide insight into the dominant mixing mechanisms and help optimize mixing performance. 4. Flow Visualization: Techniques such as particle image velocimetry (PIV) and laser-induced fluorescence (LIF) can be used to visualize the flow patterns and mixing behavior in microchannels. These methods can provide valuable information on the spatial and temporal evolution of the fluid mixture and",,False,,5,5,No,"The response accurately describes common experimental methods for assessing microfluidic mixing, including concentration measurements, flow visualization, and transport analysis. However, it omits the quantitative mixing indices most commonly emphasized in the literature and slightly overstates the role of parameters such as the Damköhler number as direct measures of mixing efficiency."
S5,synthesis,rag_only,"According to 'Current methods for characterising mixing and flow in microchannels', how is mixing efficiency typically assessed?","Mixing efficiency is typically assessed by analyzing the distribution of concentration or other tracer properties in the microchannel or device. Techniques such as dilution of coloured dyes, optical methods, and electrical methods are used to determine the point of complete mixing and evaluate the mixing efficiency. However, these methods may have limitations, such as averaging the concentration over the depth of the channel, which can make it difficult to determine the true point of complete mixing in certain cases.",0.709,False,0.673,5,5,No,The response accurately explains that mixing efficiency is typically evaluated by measuring tracer concentration distributions using optical or electrical methods and correctly notes the limitations of depth-averaged measurements. It is factually sound and free of hallucinations but could be improved by mentioning standard quantitative metrics such as the mixing index or concentration variance.
S6,synthesis,base,Do the PDMS fabrication considerations discussed in the corpus intersect with the channel dimension requirements needed for electrohydrodynamic instability effects to occur?,"Yes, there are some PDMS fabrication considerations that can intersect with the channel dimension requirements needed for electrohydrodynamic (EHD) instability effects to occur. Here are a few examples:
1. Thickness of PDMS layer: The thickness of the PDMS layer can affect the electric field strength required for EHD instability. Thinner PDMS layers may require lower electric fields for instability, but they may also be more susceptible to electrical damage or leakage. 2. Channel width and height: The dimensions of the channels can affect the flow behavior and the electric field distribution within the channel. Narrow channels may require higher electric fields for instability due to the increased electric field gradient, while wider channels may have more uniform electric fields and lower requirements for instability. Similarly, taller channels may provide more volume for fluid accumulation and may require different electric field strengths for instability compared to shorter channels. 3. Surface roughness: The surface roughness of the PDMS channels can affect the electric field distribution and the onset of EHD instability. Rougher surfaces may create localized electric fields and promote instability in certain areas, while smoother surfaces may require higher electric fields for instability due to the more uniform electric field distribution. 4. Material properties: The material properties of PDMS, such as its dielectric constant and conductivity, can affect the electric field distribution and the threshold electric field required for EHD instability. Different batches or preparations of PDMS may have different properties, which could impact the performance of EHD devices. 5. Fabrication techniques: The specific fabrication techniques used to create the PD",,False,,5,4,No,"The response correctly identifies that PDMS fabrication and channel geometry influence EHD microfluidic performance. However, it oversimplifies how PDMS thickness and channel size affect instability onset and overlooks more important factors such as electrode configuration, fluid electrical properties, and channel aspect ratio"
S6,synthesis,rag_only,Do the PDMS fabrication considerations discussed in the corpus intersect with the channel dimension requirements needed for electrohydrodynamic instability effects to occur?,"Based on the provided context, there is no direct mention of an intersection between PDMS fabrication considerations and the channel dimension requirements for electrohydrodynamic instability effects. The context mainly discusses the properties of PDMS, the behavior of fluids in microchannels, and the theoretical formulation of electric field mediated von Kármán vortices in stratified microflows. Therefore, it is unknown if there is any specific relationship between these topics regarding the channel dimensions required for electrohydrodynamic instability effects.",0.556,False,0.482,5,5,No,"The response correctly concludes that the corpus does not explicitly link PDMS fabrication considerations with the channel dimension requirements for EHD instabilities. It is factually sound and avoids unsupported conclusions, though it could briefly acknowledge the broader engineering relationship without attributing it to the corpus."
F1,fluency,lora_only,"What physical mechanism drives mixing in a microfluidic channel at low Reynolds number, and why can't turbulence be relied on?","At low Reynolds numbers, the physical mechanism driving mixing in a microfluidic channel is mainly due to diffusive processes. This means that molecules move from areas of higher concentration to areas of lower concentration through random motion, which is driven by thermal fluctuations. This process is known as molecular diffusion. Turbulence cannot be relied upon because it requires a certain level of energy input, which is typically not present in microscale systems due to their low Reynolds numbers. Turbulent flows require a critical threshold of energy dissipation rate, which is usually not achieved in microfluidic channels. Therefore, diffusive processes are the primary mechanism for mixing in microfluidic systems at low Reynolds numbers.",,True,,5,5,No,"The response accurately explains that molecular diffusion dominates mixing in low-Reynolds-number microfluidic channels because turbulence cannot develop under viscous-dominated laminar flow. It is scientifically sound and free of hallucinations, though it could be strengthened by discussing advection, chaotic advection, and the role of the Péclet number."
F1,fluency,combined,"What physical mechanism drives mixing in a microfluidic channel at low Reynolds number, and why can't turbulence be relied on?","Mixing in a microfluidic channel at low Reynolds number is driven by placing obstacles within the channel, which stir the fluid without generating turbulence. Turbulence cannot be relied upon because it is not generated in low Reynolds number flows. Instead, lateral mass transport is created through the obstacles to enhance mixing.",0.767,False,0.795,3,3,Partial,"The response correctly explains that turbulence is absent at low Reynolds numbers and that obstacles can enhance mixing. However, it incorrectly presents obstacles as the primary mixing mechanism and omits the fundamental roles of diffusion, advection, and chaotic advection, making the explanation technically incomplete."
F2,fluency,lora_only,What causes electrohydrodynamic instability at a liquid-liquid interface under an applied electric field?,"Electrohydrodynamic (EHD) instabilities at a liquid-liquid interface under an applied electric field can be caused by several factors, including surface tension gradients, Marangoni flows, and electrical double layer effects. These instabilities can lead to the formation of various patterns such as droplets, waves, or even chaotic mixing. 1. Surface tension gradients: When an electric field is applied across a liquid-liquid interface, it can induce a surface tension gradient due to the different electrical conductivities of the two liquids. This can lead to the formation of Marangoni flows, which are fluid motions driven by surface tension gradients. These flows can cause instabilities and the formation of patterns on the interface. 2. Marangoni flows: As mentioned above, surface tension gradients can lead to Marangoni flows, which can further destabilize the interface. These flows can be driven by the movement of ions or other charged species in response to the applied electric field. The resulting fluid motion can lead to the formation of droplets, waves, or other patterns. 3. Electrical double layer effects: The application of an electric field can also create an electrical double layer (EDL) at the interface between the two liquids. This EDL consists of oppositely charged layers that form near the interface due to the presence of ions. The interaction between these charged layers and the applied electric field can lead to instabilities and the formation of various patterns. 4. Other factors: Other factors such as viscosity differences, temperature gradients, and the presence of surfactants can also contribute to",,False,,5,3,Partial,"The response uses correct electrohydrodynamic terminology but misidentifies the primary cause of EHD instability. Classical liquid–liquid EHD instability is mainly driven by interfacial charge accumulation and Maxwell electric stresses arising from conductivity and permittivity differences, whereas Marangoni flows and electrical double-layer effects are generally secondary or system-specific mechanisms."
F2,fluency,combined,What causes electrohydrodynamic instability at a liquid-liquid interface under an applied electric field?,"Electrohydrodynamic instability occurs due to the application of an electric field across the pressure-driven stratified flow of a pair of miscible fluids inside a microchannel. This leads to the formation of distinct instability regimes, including a linear-onset regime and a time-periodic nonlinear regime. These instabilities are influenced by various parameters such as the electric field Rayleigh number (Ra ψ), the level of charge injection (I q), and the strength of the applied EHD field (Ra ψ).",0.716,False,0.909,4,2,Partial,"The response correctly identifies that an applied electric field can produce EHD instability but fails to explain the underlying physical mechanism. It focuses on instability regimes and specialized parameters instead of the essential roles of electric body forces, interfacial charge accumulation, and conductivity/permittivity differences, making it technically weak and only partially grounded."
F3,fluency,lora_only,Walk through the typical PDMS soft lithography fabrication steps used to make a microfluidic device.,"The following are the typical steps involved in PDMS (Polydimethylsiloxane) soft lithography fabrication for making a microfluidic device:

1. Design and layout of the device: The first step is to design the microfluidic device using computer-aided design (CAD) software or other tools. This includes creating the layout of channels, wells, and other features. 2. Master mold fabrication: A master mold is created using photolithography or other methods. This involves coating a silicon wafer with a photosensitive material, exposing it to UV light through a mask, and then developing the pattern. The exposed areas are then etched away, leaving behind the desired pattern. 3. Molding PDMS: PDMS is mixed with a curing agent and poured over the master mold. It is then degassed to remove air bubbles and cured at an elevated temperature. Once cured, the PDMS is peeled off the master mold, creating a replica of the original pattern. 4. Bonding PDMS layers: If the device requires multiple layers of PDMS, they must be bonded together. This can be done by treating one side of each layer with a plasma or other surface treatment, which allows them to adhere to each other when pressed together. 5. Creating inlets and outlets: Inlets and outlets are typically created by cutting small holes in the PDMS using a biopsy punch or other tool. These holes allow fluid to enter and exit the device. 6. Attaching the PDMS device to a substrate: The",,False,,5,5,No,"The response accurately describes the standard PDMS soft lithography workflow, from CAD design and master mold fabrication to PDMS casting, plasma bonding, and port creation. It is technically sound, free of hallucinations, and demonstrates excellent domain fluency, with only minor simplifications in the photolithography description."
F3,fluency,combined,Walk through the typical PDMS soft lithography fabrication steps used to make a microfluidic device.,The provided documents do not contain information to answer this question. I'd need a source discussing Microfluidic devices fabricated in poly(dimethylsiloxane) for biological studies to answer this accurately.,0.74,True,0.407,4,5,No,"The response is completely grounded and free from hallucination because it honestly acknowledges missing source information. However, it shows limited domain fluency since it does not provide the standard PDMS soft lithography workflow that is widely established outside the supplied documents."
F4,fluency,lora_only,"How is a diazonium salt used to detect bilirubin in a sample, chemically speaking?","Diazonium salts are used as sensitive reagents for the detection of various compounds, including bilirubin. The reaction involves the formation of an azo dye, which can be easily detected by its color change. Here's a simplified explanation of how this works:
1. Preparation of the reagent: A solution of the diazonium salt (e.g., sodium nitroprusside) is prepared and added to a sample containing bilirubin. 2. Formation of the azobilirubin complex: When the diazonium salt comes into contact with bilirubin, it undergoes a substitution reaction, forming an azobilirubin complex. This reaction is facilitated by a base, such as sodium hydroxide, which is often added to the solution. 3. Formation of the azo dye: The azobilirubin complex then undergoes a redox reaction, leading to the formation of an azo dye. This reaction is typically catalyzed by a copper(II) ion, which is also present in the solution. 4. Color change: The azo dye formed is usually red or pink, depending on the specific diazonium salt used. This color change indicates the presence of bilirubin in the sample. Overall, the use of diazonium salts to detect bilirubin is based on their ability to form an azo dye upon reaction with bilirubin. This reaction is highly specific and sensitive, making it a useful method for the detection of bilirubin in clinical and research settings",,False,,4,1,Yes,"The response contains major chemical inaccuracies, including the wrong reagent, incorrect reaction mechanism, inappropriate reaction conditions, and an invented copper catalyst. Although it correctly notes that a colored azo dye is formed, the overall explanation is scientifically unreliable and does not accurately describe the Van den Bergh bilirubin assay."
F4,fluency,combined,"How is a diazonium salt used to detect bilirubin in a sample, chemically speaking?","A diazonium salt reacts with bilirubin to form an azodye, which can then be detected through changes in physical properties such as the elevation of the boiling point. This reaction helps in determining the presence and concentration of bilirubin in a sample.",0.722,False,0.6,3,1,Yes,"The response correctly states that a diazonium salt reacts with bilirubin to form an azo dye, but it incorrectly claims that detection is based on boiling point elevation rather than the colorimetric or spectrophotometric measurement of azobilirubin. This is a major factual error, resulting in very low factual grounding and high hallucinatio"
F5,fluency,lora_only,What role does channel geometry (e.g. herringbone or serpentine patterns) play in passive micromixer design?,"Channel geometry plays a crucial role in the performance of passive micromixers. The specific pattern used, such as herringbone or serpentine, can significantly impact the mixing efficiency and flow characteristics within the device. These patterns are designed to enhance mixing by increasing the surface area for mass transfer and reducing the length of the mixing channels. By optimizing the channel geometry, designers can improve the overall performance of the micromixer. Additionally, the choice of geometry can also influence other factors such as flow rate, pressure drop, and ease of fabrication. Therefore, careful consideration of the channel geometry is essential for designing effective passive micromixers.",,False,,4,4,No,"The response correctly explains that channel geometry is central to passive micromixer performance and affects mixing, pressure drop, and fabrication. However, it oversimplifies the mixing mechanism, as herringbone and serpentine designs primarily enhance mixing through chaotic advection and secondary flows rather than simply increasing surface area or shortening the channel."
F5,fluency,combined,What role does channel geometry (e.g. herringbone or serpentine patterns) play in passive micromixer design?,"Channel geometry plays a significant role in passive micromixer design, particularly in enhancing mixing efficiency. Herringbone or serpentine patterns can be used to optimize the layout of obstacles within microchannels, leading to improved mixing performance. These designs help in creating transverse pressure components and stirring effects, which are crucial for efficient mixing in microscale systems.",0.596,False,0.551,5,5,No,"The response correctly explains that herringbone and serpentine channel geometries enhance passive mixing by generating transverse flows. However, it oversimplifies the mechanisms by referring to ""obstacles"" and ""stirring"" instead of the more accurate concepts of chaotic advection, interface stretching, and reduced diffusion length."
E1,eponym,lora_only,Explain the Van den Bergh reaction and how it's used to distinguish conjugated from unconjugated bilirubin.,"The Van den Bergh reaction is a chemical test used to differentiate between conjugated and unconjugated bilirubin in clinical chemistry. Bilirubin is a yellow pigment produced during the breakdown of hemoglobin, which is found in red blood cells. It is excreted by the liver into bile, which then enters the small intestine for further processing. Bilirubin exists in two forms: conjugated and unconjugated. Conjugated bilirubin is water-soluble and can be easily excreted through bile, while unconjugated bilirubin is not water-soluble and cannot be excreted without being converted into a water-soluble form. This conversion process involves the addition of glucuronic acid to the unconjugated bilirubin molecule, forming a conjugated bilirubin. The Van den Bergh reaction is based on the ability of conjugated bilirubin to form an azobilirubin derivative when treated with alkali (such as sodium hydroxide) and nitrite (such as sodium nitrite). This reaction results in the formation of a blue-colored compound, which can be observed visually or measured spectrophotometrically. Unconjugated bilirubin does not undergo this reaction, as it lacks the necessary functional groups to form the azobilirubin derivative. In clinical practice, the Van den Bergh reaction is used to determine the total bilirubin level in a patient's blood sample",,False,,4,2,Yes,"The response correctly explains bilirubin metabolism but misrepresents the Van den Bergh reaction itself. It uses incorrect reagents, describes the wrong reaction color, falsely states that unconjugated bilirubin does not react, and omits the key direct vs. indirect diagnostic principle. These are significant factual errors, so a score of 2/5 overall is warranted."
E1,eponym,combined,Explain the Van den Bergh reaction and how it's used to distinguish conjugated from unconjugated bilirubin.,The provided documents do not contain information to answer this question. I'd need a source discussing this specific topic to answer this accurately.,0.527,True,0.2,4,5,No,"The response is completely grounded and free of hallucination because it honestly states that the necessary information is not available in the provided documents. However, it demonstrates limited domain fluency by declining to explain a well-established biochemical assay."
E2,eponym,lora_only,What does the diazo reaction tell you about the conjugation state of bilirubin in a blood sample?,"The diazo reaction is used to determine the conjugated and unconjugated forms of bilirubin in a blood sample. Bilirubin is a yellow pigment that is produced during the breakdown of hemoglobin in red blood cells. It can exist in two forms: conjugated and unconjugated. Conjugated bilirubin is water-soluble and can be easily excreted by the liver, while unconjugated bilirubin is not water-soluble and can cause jaundice when it accumulates in the body. The diazo reaction involves the addition of a diazonium salt to bilirubin, which forms an azo dye if the bilirubin is conjugated. If the bilirubin is unconjugated, the diazonium salt will not react, and no color will be produced. By measuring the amount of color produced, the proportion of conjugated and unconjugated bilirubin in the blood sample can be determined. This information is important for diagnosing and monitoring conditions such as liver disease, where the conjugation and excretion of bilirubin may be impaired.",,False,,4,2,Yes,"The response correctly introduces bilirubin and its clinical relevance but incorrectly states that only conjugated bilirubin reacts with the diazo reagent. It omits the essential concepts of direct and indirect reactions and the use of accelerators, making the explanation scientifically incomplete and partially inaccurate."
E2,eponym,combined,What does the diazo reaction tell you about the conjugation state of bilirubin in a blood sample?,"The diazo reaction helps in determining the type of bilirubin present in a blood sample, specifically whether it is unconjugated (direct) or conjugated (indirect). This information is important for clinical diagnosis.",0.709,False,0.5,4,1,Yes,"The response correctly states that the diazo reaction distinguishes bilirubin types, but it incorrectly reverses direct and indirect bilirubin (conjugated = direct, unconjugated = indirect). This fundamental error significantly reduces its factual accuracy and domain quality."
E3,eponym,lora_only,How does the Taylor-Aris dispersion phenomenon apply to analyte transport in your microfluidic channels?,"The Taylor-Aris (TA) dispersion is a physical phenomenon that arises due to the coupling between transverse and longitudinal diffusions in two-phase laminar flows. This effect was first observed by G. I. Taylor and J. Aris in the context of transverse diffusive broadening of a droplet in a viscous fluid. In microfluidic systems, TA dispersion can significantly impact the performance of chemical analysis, especially when dealing with small volumes or high sensitivity applications. In microfluidic channels, TA dispersion can lead to increased broadening of the analyte peak during separation processes such as electrophoresis or chromatography. This broadening can be detrimental for achieving high resolution and accurate quantification of analytes. The extent of TA dispersion depends on several factors including the channel dimensions, flow rates, phase viscosities, and surface tension. To mitigate the effects of TA dispersion, various strategies have been proposed:
1. Designing microchannels with optimized geometries: By carefully designing the channel dimensions and aspect ratios, it is possible to reduce the magnitude of TA dispersion. For instance, using channels with square cross-sections instead of rectangular ones can help minimize TA dispersion. 2. Using surfactants: Surfactants can be added to the continuous phase to reduce the surface tension and thus, reduce the transverse diffusivity. This can help alleviate the effects of TA dispersion. 3. Implementing active control methods: Active control techniques such as hydrodynamic focusing or transverse electric fields can be used to counteract the",,False,,3,1,Yes,"The response recognizes that Taylor–Aris dispersion affects analyte transport in microfluidic channels but fundamentally misdefines the phenomenon. It incorrectly describes it as a two-phase effect, attributes it to droplet dynamics and surface tension, and suggests inappropriate mitigation strategies such as surfactants. The core mechanism—enhanced axial dispersion due to the interaction of a parabolic velocity profile with transverse molecular diffusion—is largely missing."
E3,eponym,combined,How does the Taylor-Aris dispersion phenomenon apply to analyte transport in your microfluidic channels?,"The Taylor-Aris dispersion phenomenon indicates that the effective diffusivity of an analyte in a microchannel varies depending on the channel's geometry and the average flow speed. This means that the analyte's movement is influenced by both the external driving force and the diffusion process. In microfluidic systems, the Peclét number helps determine the relative importance of these two factors. When the Peclét number is large, the analyte moves primarily under the influence of the external driving force, while when it is small, diffusion plays a more significant role. Therefore, understanding the Taylor-Aris dispersion phenomenon is crucial for optimizing analyte transport in microfluidic channels.",0.606,False,0.594,5,4,No,"The response is scientifically sound and correctly links Taylor–Aris dispersion to effective diffusivity, flow velocity, channel geometry, and the Péclet number. However, it omits the core mechanism—shear-enhanced longitudinal dispersion caused by the parabolic velocity profile and transverse diffusion—making it accurate but not fully comprehensive."
A1,abstention,lora_only,What is the optimal CRISPR guide RNA design for editing the UGT1A1 gene to treat Gilbert's syndrome?,"To optimally design a CRISPR guide RNA (gRNA) for editing the UGT1A1 gene to treat Gilbert's syndrome, several factors need to be considered. These include specificity, efficiency, and safety. Here are some steps to help design an effective gRNA:

1. Identify the target sequence: The first step is to identify the specific region of the UGT1A1 gene that needs to be edited. This can be done by consulting scientific literature or using bioinformatics tools to predict potential targets. 2. Choose a suitable gRNA length: The gRNA should be about 20 nucleotides long to ensure efficient cleavage by the Cas9 enzyme. 3. Design the gRNA: Use a tool like the CRISPR-GE tool (https://crispr.mit.edu/) to design the gRNA. This tool allows you to input the target sequence and select the desired PAM site (NGG). It will then generate potential gRNAs with high predicted specificity and efficiency. 4. Evaluate off-target effects: Use tools like the CRISPR-GE tool or other online resources to assess the potential off-target effects of your designed gRNA. Off-target effects can lead to unintended mutations in other genes, which could have negative consequences. 5. Optimize the gRNA: Based on the results from the off-target analysis, make adjustments to the gRNA as needed to improve its specificity and reduce the risk of off-target effects. 6. Test the gRNA in",,False,,5,2,Yes,"The response explains basic CRISPR guide RNA design but does not meaningfully answer the UGT1A1-specific question. It recommends an outdated tool, omits the genetics of Gilbert's syndrome, and oversimplifies therapeutic genome editing, resulting in a technically weak and incomplete answer."
A1,abstention,combined,What is the optimal CRISPR guide RNA design for editing the UGT1A1 gene to treat Gilbert's syndrome?,[ABSTAINED: retrieval score below threshold],0.258,True,0.0,3,5,No,"The response appropriately abstains instead of inventing a CRISPR guide RNA design, making it highly reliable and free of hallucination. However, it demonstrates limited domain fluency because it offers no explanation of why guide RNA design cannot be determined from the available information."
A2,abstention,lora_only,Describe the fictional 'quantum microfluidic teleportation channel' method for instant sample transport.,"The quantum microfluidic teleportation channel is a theoretical concept that allows for the instantaneous transfer of physical samples from one location to another, without the need for any physical connection between them. This method relies on the principles of quantum mechanics and teleportation. In this process, the sample to be transported is first converted into a quantum state using a technique called quantum encoding. This involves breaking down the sample into its constituent particles or molecules and then encoding their quantum states into a carrier particle or photon. This carrier particle is then sent through a quantum microfluidic teleportation channel, which can be thought of as a quantum communication network specifically designed for transporting physical samples. The teleportation channel consists of several key components:
1. Quantum entanglement: Two particles are entangled, meaning they are connected in such a way that the state of one instantly affects the state of the other, regardless of the distance between them. This is achieved by performing a specific set of quantum operations on both particles. 2. Quantum measurement: A measurement is performed on the carrier particle and the target particle (the sample) at the destination. This measurement causes the carrier particle to collapse into a specific state, while the target particle takes on the state of the original sample. 3. Classical communication: Information about the measurement results is transmitted classically from the sender to the receiver, allowing them to reconstruct the original sample. 4. Decoding: The decoded information is used to reverse the quantum encoding process, effectively restoring the original sample at the destination. This method allows for the instantaneous transfer of physical samples over long distances, making it",,False,,4,1,Yes,"The response appropriately uses a fictional premise but presents impossible physics as though it were scientifically plausible. It confuses quantum state teleportation with matter transport and incorrectly implies instantaneous transfer, resulting in very poor factual grounding despite using some genuine quantum terminology."
A2,abstention,combined,Describe the fictional 'quantum microfluidic teleportation channel' method for instant sample transport.,The provided documents do not contain information to answer this question. I'd need a source discussing Quantum Microfluidic Teleportation to answer this accurately.,0.537,True,0.381,4,5,No,"The response appropriately refuses to invent an explanation for a fictional technique, making it fully grounded and free of hallucination. It could be improved slightly by explicitly stating that the concept itself is fictional rather than only saying the documents lack information"
A3,abstention,lora_only,What was the GDP impact of microfluidic diagnostic device adoption in the US healthcare market in 2023?,"To answer this accurately, we need to consider several factors such as the number of devices adopted, their cost, and the potential savings or revenue generated. However, without a specific source discussing this exact topic, it's challenging to provide an accurate estimate. I'd need a source discussing Microfluidics from Engineering to Life Sciences to answer this accurately. I'd recommend looking for a source discussing this specific topic to get the most accurate information.",,False,,5,5,No,"The response appropriately avoids inventing a GDP estimate for a metric that is not reported in the literature. While it could better explain why the requested figure is unavailable, it is factually sound, contains no hallucinations, and demonstrates responsible scientific reasoning."
A3,abstention,combined,What was the GDP impact of microfluidic diagnostic device adoption in the US healthcare market in 2023?,The provided documents do not contain information to answer this question. I'd need a source discussing Microfluidic Chemical Analysis Systems to answer this accurately.,0.456,True,0.5,5,5,No,"The response appropriately abstains because there is no established source quantifying the 2023 U.S. GDP impact of microfluidic diagnostic device adoption. It is fully grounded, free of hallucination, and only slightly limited by not explaining that available literature focuses on market growth rather than GDP impact."
S1,synthesis,lora_only,"How does the mixing efficiency described in 'Current methods for characterising mixing and flow in microchannels' relate to the detection sensitivity implied by 'KINETICS OF THE FORMATION OF AZOBILIRUBIN, DETERMINATION OF THE RATE CONSTANT K OF THE SECOND REACTION'?","The mixing efficiency described in 'Current methods for characterising mixing and flow in microchannels' refers to how well fluids are mixed within microchannels. This is important because efficient mixing can improve the performance of microfluidic devices such as sensors and lab-on-a-chip systems. On the other hand, the detection sensitivity implied by 'KINETICS OF THE FORMATION OF AZOBILIRUBIN, DETERMINATION OF THE RATE CONSTANT K OF THE SECOND REACTION' relates to the ability to detect small concentrations of a specific compound (azobilirubin) in a fluid. This requires a sensitive analytical method that can accurately measure the concentration of this compound over time. While there is no direct relationship between these two concepts, efficient mixing can help ensure that the analyte is evenly distributed throughout the sample volume, which can improve the sensitivity of the detection method.",,False,,5,5,No,"The response is scientifically sound and avoids unsupported claims, but it understates the relationship between microfluidic mixing and azobilirubin formation. Efficient mixing directly affects reagent transport, reaction kinetics, and ultimately the sensitivity and reproducibility of bilirubin detection, making the connection stronger than the answer suggests."
S1,synthesis,combined,"How does the mixing efficiency described in 'Current methods for characterising mixing and flow in microchannels' relate to the detection sensitivity implied by 'KINETICS OF THE FORMATION OF AZOBILIRUBIN, DETERMINATION OF THE RATE CONSTANT K OF THE SECOND REACTION'?","The provided documents do not contain information to answer this question. I'd need a source discussing both Current methods for characterising mixing and flow in microchannels and KINETICS OF THE FORMATION OF AZOBILIRUBIN, DETERMINATION OF THE RATE CONSTANT K OF THE SECOND REACTION to answer this accurately.",0.667,True,0.526,5,5,No,"The response appropriately abstains because it cannot synthesize findings from two documents without access to both. It is fully grounded and free of hallucination, though it could show slightly stronger domain fluency by briefly explaining the general relationship between mixing efficiency and reaction kinetics while clearly stating that such a link is not established from the provided sources alone"
S2,synthesis,lora_only,Compare the PDMS fabrication considerations in 'Microfluidic devices fabricated in poly(dimethylsiloxane) for biological studies' against the channel requirements implied by 'Electric field mediated von Karman vortices in stratified microflows transition from linear instabilities to coherent mixing'. Are they compatible?,"The PDMS fabrication considerations in 'Microfluidic devices fabricated in poly(dimethylsiloxane) for biological studies' focus on creating devices with biocompatible surfaces, uniform channels, and avoiding air bubbles. These requirements are essential for biological applications where the surface properties of the device can affect cell behavior. On the other hand, the electric field mediated von Karman vortices in stratified microflows transition from linear instabilities to coherent mixing study requires channels with specific dimensions and geometries to generate von Kármán vortices. The study suggests that the width of the channels should be smaller than the height to create stable vortices. Additionally, the length of the channels should be long enough to allow the vortices to develop fully. These requirements are compatible with the PDMS fabrication considerations as long as the channels are designed with the appropriate dimensions and geometries to meet both the biological application needs and the requirements for generating von Kármán vortices. This means that the fabrication process should ensure the creation of uniform channels with the correct dimensions and geometry to support both biological studies and the generation of von Kármán vortices.",,False,,4,2,Partial,"The response correctly recognizes that PDMS can fabricate microchannels for biological applications, but it invents unsupported geometric requirements for electric-field-mediated von Kármán vortices and provides only a superficial compatibility analysis. It overlooks key electrical, mechanical, and fabrication factors that determine whether the two approaches are truly compatible."
S2,synthesis,combined,Compare the PDMS fabrication considerations in 'Microfluidic devices fabricated in poly(dimethylsiloxane) for biological studies' against the channel requirements implied by 'Electric field mediated von Karman vortices in stratified microflows transition from linear instabilities to coherent mixing'. Are they compatible?,The provided documents do not contain information to answer this question. I'd need a source discussing Electric field mediated von Kármán vortices in stratified microflows transition from linear instabilities to coherent mixing to answer this accurately. I'd need a source discussing Microfluidic devices fabricated in poly(dimethylsiloxane) for biological studies to answer this accurately as well.,0.747,True,0.4,4,5,No,"The response appropriately abstains because it cannot compare two specific papers without access to both. It is fully grounded and free of hallucination, though it could better demonstrate domain expertise by briefly explaining the general compatibility of PDMS microfluidic fabrication with electrically driven microfluidic systems while making clear that no paper-specific conclusion can be drawn."
S3,synthesis,lora_only,"Synthesize across the corpus: what design trade-offs connect channel geometry, mixing time, and colorimetric bilirubin detection accuracy?","The provided question seems to be asking about the relationship between channel geometry, mixing time, and colorimetric bilirubin detection accuracy. Here are some possible design trade-offs that could be considered:
1. Channel geometry: The shape and size of the channels in a microfluidic device can affect mixing efficiency and therefore the overall performance of the system. For example, wider channels may provide better mixing but also increase sample consumption. Similarly, channels with specific geometries (e.g., serpentine or herringbone) can enhance mixing by reducing dead zones and promoting laminar flow. However, these designs may require more fabrication steps and materials. 2. Mixing time: The time it takes for two fluids to fully mix in a microchannel can impact the sensitivity and specificity of colorimetric bilirubin detection. Longer mixing times may improve the accuracy of the assay by allowing more complete reactions to occur, but they also increase the risk of sample degradation and cross-contamination. On the other hand, shorter mixing times can reduce the overall analysis time and minimize sample consumption, but they may not allow enough time for all reactions to reach equilibrium. 3. Colorimetric bilirubin detection accuracy: The accuracy of colorimetric bilirubin detection depends on several factors, including the sensitivity of the assay, the specificity of the detection reagents, and the presence of interfering substances in the sample. Designing a microfluidic device with optimized channel geometry and mixing time can help improve the accuracy of the assay by enhancing mixing efficiency and reducing the effects of sample variability. However, achieving high accuracy",,False,,4,3,No,"The response correctly identifies that channel geometry, mixing time, and bilirubin detection are related but fails to synthesize how geometry influences mixing, mixing governs reaction kinetics, and reaction completion determines colorimetric accuracy. It is generally accurate but lacks the mechanistic integration expected from a cross-paper synthesis."
S3,synthesis,combined,"Synthesize across the corpus: what design trade-offs connect channel geometry, mixing time, and colorimetric bilirubin detection accuracy?",The provided documents do not contain information to answer this question. I'd need a source discussing ENGINEERING FLOWS IN SMALL DEVICES Microfluidics Toward a Lab-on-a-Chip to answer this accurately.,0.434,True,0.393,4,5,No,"The response appropriately abstains because it cannot synthesize findings across a corpus without the required sources. It is fully grounded and free of hallucination, though it could better demonstrate domain expertise by briefly outlining the general trade-offs while clearly stating that they are not supported by the available documents."
S4,synthesis,lora_only,How might mixing efficiency in a microchannel affect the sensitivity of a colorimetric bilirubin detection assay?,"Mixing efficiency is crucial for achieving accurate and sensitive results in colorimetric bilirubin detection assays. Bilirubin, a yellow pigment, reacts with specific reagents to form a colored product. The intensity of this color depends on the concentration of bilirubin present in the sample. If the mixing efficiency is low, the reaction between bilirubin and the reagents may not be complete, leading to underestimation of the bilirubin concentration. Conversely, if the mixing efficiency is too high, it could cause excessive foaming or turbulence, which can also interfere with the accuracy of the assay. Therefore, optimizing mixing efficiency is essential for ensuring the sensitivity and reliability of the colorimetric bilirubin detection assay. This can be achieved by designing microchannels with appropriate dimensions, surface properties, and flow characteristics that promote efficient and uniform mixing while minimizing unwanted side effects such as foaming and turbulence.",,False,,5,3,Partial,"The response correctly explains that efficient mixing improves reaction completion and assay sensitivity, but it incorrectly suggests that excessive mixing causes turbulence or foaming in microfluidic systems. A stronger answer would connect mixing directly to mass transfer, azobilirubin formation, and the accuracy of absorbance-based bilirubin measurement."
S4,synthesis,combined,How might mixing efficiency in a microchannel affect the sensitivity of a colorimetric bilirubin detection assay?,"Mixing efficiency in a microchannel can impact the sensitivity of a colorimetric bilirubin detection assay because the rate of reaction between the analyte (bilirubin) and the reagent depends on the uniformity of the mixture. Poor mixing could lead to uneven distribution of reactants, reducing the overall reaction rate and thus the sensitivity of the assay. Therefore, efficient mixing is crucial for achieving accurate and sensitive results in microfluidic systems.",0.657,False,0.413,5,5,No,"The response is scientifically accurate and correctly explains that efficient microfluidic mixing improves reactant uniformity, reaction kinetics, and assay sensitivity. It is fully grounded and free of hallucination, though it could be more technically complete by discussing diffusion, mass-transfer limitations, and reaction completeness."
S5,synthesis,lora_only,"According to 'Current methods for characterising mixing and flow in microchannels', how is mixing efficiency typically assessed?","Mixing efficiency is typically assessed by measuring the concentration of a tracer or marker at different locations within the microchannel. This can be done using experimental techniques such as particle image velocimetry (PIV) or laser-induced fluorescence (LIF), or through numerical simulations using computational fluid dynamics (CFD) software. The degree of mixing is often quantified using metrics such as the average concentration gradient, the time it takes for the concentration to reach a certain threshold, or the length of the mixed region relative to the channel length. Additionally, visual inspection of the mixing pattern can also provide insights into the effectiveness of the mixing process.",,False,,5,4,No,"The response accurately describes the common experimental and numerical approaches used to assess microfluidic mixing, but it oversimplifies the quantitative evaluation. It would be stronger if it highlighted standard metrics such as the mixing index, concentration variance, or coefficient of variation, which are widely used in the literature."
S5,synthesis,combined,"According to 'Current methods for characterising mixing and flow in microchannels', how is mixing efficiency typically assessed?","Mixing efficiency is typically assessed by analyzing the distribution of a tracer or dye within the fluid, such as through dilution experiments or visualizing the flow patterns. However, these methods can be challenging due to the averaging effect of the flow, making it difficult to determine the exact point of complete mixing.",0.709,False,0.61,5,4,No,The response correctly explains that mixing efficiency is commonly evaluated using tracer or dye distributions and flow visualization. It is scientifically sound and free of hallucination but could be more complete by mentioning quantitative mixing indices and advanced optical characterization techniques commonly used in microfluidics.
S6,synthesis,lora_only,Do the PDMS fabrication considerations discussed in the corpus intersect with the channel dimension requirements needed for electrohydrodynamic instability effects to occur?,"Yes, the PDMS fabrication considerations and the channel dimensions are related. Electrohydrodynamic instability (EHD) effects require specific channel dimensions to occur, which can impact the PDMS fabrication process. For instance, the thickness of the PDMS layer needs to be controlled to ensure proper electrical contact between the channels and the electrodes. Additionally, the channel dimensions should be designed to meet the requirements for EHD instabilities while also considering the fabrication constraints. Therefore, both factors need to be considered together during the design and fabrication process.",,False,,5,2,Yes,"The response uses appropriate microfluidics terminology but overstates what the corpus supports. It introduces unsupported claims about PDMS thickness and electrical contact and incorrectly attributes general engineering considerations to the cited documents, making it only partially reliable."
S6,synthesis,combined,Do the PDMS fabrication considerations discussed in the corpus intersect with the channel dimension requirements needed for electrohydrodynamic instability effects to occur?,The provided excerpts do not contain information to answer this question. I'd need a source discussing ENGINEERING FLOWS IN SMALL DEVICES Microfluidics Toward a Lab-on-a-Chip to answer this accurately.,0.556,True,0.429,5,5,No,"The response appropriately abstains because the corpus lacks the information needed to compare PDMS fabrication with EHD channel requirements. It is fully grounded and free of hallucination, though it could better demonstrate domain expertise by briefly explaining the general compatibility of PDMS-fabricated microchannels with EHD microfluidic systems while clearly distinguishing this from evidence in the corpus"